0,11.311778440630723,49.41812680970845,814973.3860000005,244.64426575315616,-100.65833580564959,165.7370453887225,794658.764,829841.577,147375.183,168.247,105.223,154.212
1,7.689020357677389,48.47783848601767,377139.33100000076,319.03514991740644,-17.414331676146617,207.19208025126338,187377.999,262031.853,969358.767,2.301,165.543,22.055
2,10.860127928393572,46.98327855627149,591372.7389999996,259.3074407014856,-100.23286493474279,243.67056740964458,542490.626,639951.293,661384.629,160.461,109.74,117.983
3,10.815973179528223,51.78338313055613,431095.784000001,263.8734804835142,-16.584743420169218,205.26462889769022,402520.627,164177.498,331215.457,132.874,134.835,148.771
4,6.681986840406299,49.70711172930892,443086.238,178.23543331879836,341.7787847712911,228.1746279021301,522968.973,539526.034,814060.124,163.53,18.173,163.078
5,20.426106714943558,54.076203166254814,179849.02600000086,317.4723512620034,-118.05666968369167,136.61763924961008,384231.474,778390.736,413103.581,5.739,169.795,14.729
6,11.004156127356604,48.18949911739536,352828.7560000007,185.85320416848143,-45.38823158675825,107.83367572404306,772859.981,457695.828,493789.569,21.832,94.392,103.024
7,15.384975655120746,52.644904252563336,452799.79400000116,247.27628546300357,334.43642245231524,119.8135826654678,687455.714,68186.358,8128.661,111.315,131.072,80.267
8,16.989529925986993,49.772209935626684,342267.89800000016,310.88742947897697,-63.631211846051826,107.47583623835922,219949.605,693012.005,452768.722,123.105,102.507,50.92
9,14.343815514687439,49.955675938176704,832378.5429999997,182.97021365332432,-24.11043987150481,130.1819249394663,844780.496,225784.81,765299.98,71.416,47.804,104.97
10,10.299199030307694,52.44550935170983,817226.4659999995,237.33026582213995,342.0434519131215,152.19350488094437,525319.157,39078.638,794676.285,22.378,93.551,17.309
11,9.412719743220833,49.129573322574416,865183.5460000007,232.20347188834728,347.01322733943374,162.41409449329961,983980.116,753808.961,267209.8,179.12,146.549,110.471
12,19.756574293786958,50.05809256426134,989266.8870000009,309.76402838217143,-55.605756090269836,188.1267112831382,944330.89,369255.458,76477.749,65.077,73.89,45.791
13,15.175157105739778,50.46154760430061,1725.627000001341,223.01715588090278,-63.3459152871219,286.3032153093379,246752.273,165459.139,871747.223,82.003,141.943,90.341
14,11.16247227444512,47.90959152760736,434382.5910000021,354.92427371551946,-121.25961864207244,250.7930121578953,57848.468,259201.41,398095.879,143.54,119.884,145.351
15,16.81344914488286,51.98329913114205,842253.0960000012,-9.361636543457337,-11.231770272636368,118.5929824871113,976319.612,3703.11,238184.107,28.853,17.291,98.929
16,9.230136955363305,50.70403736451203,195227.06300000066,267.4463581826704,-13.605911388928519,227.43234018313353,415968.034,174742.04,889463.593,38.627,126.482,166.766
17,9.833238344700812,53.92037351489907,119175.19300000022,230.71675940869787,-118.09068661502033,221.8087903350859,185355.362,267578.692,195073.66,108.542,150.897,96.879
18,17.067592774332986,46.56282776230012,63348.85300000052,336.4193122549844,-5.816100279725902,165.3756697336911,496520.072,12849.89,968111.868,10.109,175.248,51.285
19,15.17279105663918,50.06774856955133,891912.4599999996,249.406292758559,-87.73311274345099,104.19569472846098,983187.248,428069.161,558396.499,174.593,13.813,136.093
20,10.574313104803087,54.65867665557804,44092.851000000075,343.6888671543927,352.73628510261204,264.3158577061979,231269.201,941459.625,111901.736,131.846,130.124,178.256
21,8.318644933689113,49.868155302434886,595522.0040000015,287.17112211055525,-127.35822079343654,265.8839103247539,79401.062,493663.126,996157.024,73.997,50.615,8.094
22,16.925620188113285,49.49076019442802,173801.2450000014,283.6098713503067,-32.960379314748195,251.25222635649976,831575.15,283539.189,443160.001,34.226,133.355,110.535
23,17.62870014685245,46.21561677986066,956043.3540000002,285.1142031894406,332.3717033034449,168.556692248737,920293.876,379172.803,757301.354,173.495,107.331,122.232
24,6.744314240443301,46.933056841976196,47347.93200000086,347.33390928082395,339.49922598958767,190.4146316033872,231253.924,684707.754,883223.912,61.97,44.403,5.097
25,18.98175837453378,46.17542004670663,759661.0520000022,245.8311198838209,-44.283828320914154,251.64813345325234,105899.001,844518.564,823499.06,98.765,168.598,57.289
26,9.269260288128448,46.84821835257583,347389.80100000126,233.9260552450492,358.36186330572804,274.1000460026696,931929.109,932529.166,17682.509,34.188,49.568,61.052
27,14.304120671734124,46.60019106117306,287179.68200000114,237.49397759207946,323.97834929421725,203.26623389383383,868271.454,38314.684,954899.232,178.451,53.252,57.849
28,13.094421455270503,50.42484973690237,455846.3900000022,176.18596065131493,-70.75401225533102,143.6116523578514,529193.88,161538.088,970650.122,128.987,140.113,108.045
29,12.017176175334292,55.22353853581942,324454.6810000022,302.07391822588517,-131.930092484402,175.38241496103018,232569.475,795171.382,445414.086,13.416,133.557,96.686
30,18.709302174847608,54.121949928144275,764047.3150000005,191.1209773895733,-96.01429474879393,233.88648995240746,764621.11,986988.915,322680.844,53.449,119.817,99.147
31,14.480280319547523,53.462292057867344,956819.0390000017,191.15088646233212,-3.2338634166886777,278.08359660370434,403660.553,322910.307,153531.86,73.795,77.369,19.116
32,19.622373041566533,48.20764640149478,261834.60000000283,295.4713592081873,-15.455801660459088,36.79995736250483,258132.907,439779.414,372612.254,88.949,61.676,145.085
33,19.08513399937864,52.19114910544833,105772.82400000063,313.1242350526684,-4.727272372653431,180.4854271063653,871103.331,633682.789,306628.752,91.7,45.59,154.696
34,10.172730256762682,47.34638509025263,812486.6810000004,290.2175255769142,-9.489341786372393,260.3065299065807,967868.032,958004.636,183905.041,160.566,64.953,152.5
35,9.151965789348637,47.731489376813826,442904.21200000035,273.5197456219575,335.7044583348252,138.94978216154027,966408.696,430946.013,909643.173,67.105,128.235,108.341
36,6.582889351705554,46.63649406085728,306711.2070000023,264.2800220256024,323.10406334640646,88.3192344804427,997984.933,132764.47,372461.161,171.853,49.774,98.484
37,16.094186618460935,52.55980892539084,418560.0880000003,195.9249318817627,-162.1156656482318,-15.093303442545448,67157.41,714599.654,276383.863,33.046,115.304,29.285
38,12.667269139538542,48.69542065578002,981991.0000000005,303.95576809447437,-163.64818764941435,-29.05820452181507,825888.422,706696.88,454460.705,21.792,140.47,179.841
39,8.086162757879189,53.915697334060525,130742.07100000112,295.3066497216174,-102.90787546034483,-21.112357067190487,155645.972,941854.602,750290.753,24.602,36.367,126.254
40,14.232259565333026,49.079002986848984,215365.17000000176,146.47941369864972,-96.34216947716834,-152.476239969198,609544.582,615782.142,450452.301,135.328,156.192,177.58
41,6.953836712473346,46.832866293185546,396108.63300000125,257.44285144097734,-55.490410709219645,-158.64196738893838,531859.455,961859.287,969024.498,71.05,17.445,163.666
42,18.239552779572975,50.436107074399565,367047.06500000233,142.7347702664186,-136.38382812699513,-16.616905506121327,463454.254,275650.127,851692.112,70.079,78.298,155.211
43,11.463942812074578,46.98093930634344,380579.6960000015,200.35117325931913,-50.52841054329542,-42.125996750130014,852225.194,348822.438,658713.027,178.172,44.862,167.985
44,8.31595450412802,48.38800540270145,189238.76100000204,183.78882014007146,-42.828689641319954,313.2372639012203,691378.096,991659.05,813643.375,162.757,163.899,110.021
45,18.75209148117971,46.079153009721715,247595.81200000286,313.7374714640039,-49.01173122315532,122.0533253402296,695387.376,375618.334,17341.272,81.858,45.484,0.624
46,11.102159075283184,52.45917520830181,776511.4910000018,205.125562250874,-23.252895831928413,128.01927979582968,979433.119,332428.038,118031.462,135.863,147.363,104.717
47,15.538264319515216,50.82829279102015,217318.7850000016,295.3366642197873,-87.82826568368563,14.61430813353001,798803.396,488675.961,176877.078,139.151,151.787,114.541
48,18.549929119093377,48.10969031081311,155682.630000002,289.0569096784185,-71.28691414804791,-66.95160517492297,189459.99,254065.346,76271.752,161.883,68.664,62.998
49,10.271903055653134,51.50721309416006,931803.6190000022,299.87383476280365,-126.99061927930973,-22.340258112852553,476910.45,433929.562,54153.661,28.905,171.212,73.996
50,9.624565868174578,50.56277407816148,949392.9250000013,214.93448338933038,-82.09734384182212,-73.26051323322474,979217.994,716817.62,553740.659,129.466,98.647,151.012
51,11.201124393843774,54.813385536558975,653177.073000004,287.04536503392944,-146.93036130904125,-71.11089095811218,862068.187,780009.663,622399.823,121.289,1.321,69.512
52,13.729194805143603,52.108123686037096,512502.1600000028,236.1154393838363,-71.9908387031216,-21.22288004388622,998498.621,766321.977,573460.049,25.748,37.278,143.84
53,15.300326861598577,49.51880657099445,205824.56500000285,209.8310762704162,-26.29302332502226,-98.70276326424522,485591.338,333614.01,50674.795,124.433,94.095,158.544
54,14.741315694240466,48.50059061503764,127444.89200000223,172.68810755579128,-32.272195305076195,-27.917690428022865,749372.987,711791.836,85380.779,179.058,176.887,50.694
55,12.078395306080793,50.15841038191532,989715.9800000034,230.52682412110295,-65.2293574670673,-62.567961678198,475156.406,953718.364,144531.745,26.108,145.305,78.579
56,8.497879724491478,53.0895367382565,911158.1580000009,188.35413960901332,345.2596905384889,-18.66156625231673,777239.864,70388.483,19248.027,90.289,81.681,137.16
57,19.762552947737426,50.63315506139037,649693.3370000019,313.8579386389664,-11.984217901383545,288.32952412116225,282457.32,260179.78,841563.79,29.271,24.936,59.18
58,17.401283839124254,49.17874993186506,180525.99200000262,269.5154433150733,-10.473525032151144,-72.73832619422262,880196.441,461574.534,683187.956,61.194,145.618,119.81
59,18.99765509939225,51.53553207959698,513684.24300000304,214.89876131844784,-77.09050953140638,163.56457773540865,367816.089,885006.016,296096.381,88.539,11.694,161.912
60,6.792303080252555,47.47705939419562,135031.27200000052,212.88701908198814,-76.35675732632478,118.33060941253751,251653.278,536641.632,335916.698,135.352,14.506,91.247
61,19.438441749692025,51.40354888428322,135914.74900000033,166.65857921233845,-142.2192706559049,238.40208353575014,514831.322,770029.18,880422.29,46.336,101.293,173.894
62,16.881177160936005,46.487855294200685,828521.1120000021,271.535557111077,-23.536996084633813,153.8532491495036,117816.352,139433.783,463600.023,130.607,8.33,146.263
63,19.591076227027067,52.42406719044356,702752.1810000031,287.82923122398995,359.22194166732254,64.3647433215435,861465.776,655286.196,395088.229,44.617,1.525,82.744
64,6.578170338123023,51.234325745079396,951917.9160000031,246.45808613247604,-11.547650627623455,250.80804700343612,659278.214,488947.485,740378.21,96.581,3.13,57.187
65,17.488302184388772,53.344805734087686,542066.2430000027,178.48937639506397,-38.81778244046677,162.3514160969591,566329.785,304703.566,152832.45,117.899,87.594,148.468
66,17.09025201219459,48.981125872812946,913815.8230000022,169.81567680072618,318.38767854275756,265.91719966525136,634523.767,440949.892,44840.976,115.613,6.34,176.504
67,14.430773855570118,53.32323749042253,653363.7410000007,282.5981349815021,337.14532279382314,295.0320168893888,173546.524,796434.474,674205.911,68.173,91.85,46.887
68,19.182159001186726,47.04709347754539,874187.3920000019,205.5804217803091,-116.98851750239464,186.475072738287,644750.029,313732.079,895050.252,19.724,134.435,78.161
69,8.053679507926995,54.53162543851805,407015.44900000206,275.09020150377194,-34.858530216058625,219.33683194296512,878110.417,401764.683,459029.649,164.037,78.671,121.297
70,17.398813625603722,52.4987720618274,204910.40400000053,163.30357612331898,316.38939699050337,190.73794282824957,287614.156,931130.413,508850.181,44.098,93.561,178.238
71,12.961919279798506,54.16789071869411,763082.2310000018,151.53511130745525,-110.98453338967738,177.4694389442016,94911.568,178729.706,910177.601,63.888,61.816,169.208
72,10.72491308511291,52.3361085094769,290938.9980000016,251.62009595826268,334.6424824074337,149.20713359437218,667333.822,879547.646,557274.251,19.5,148.226,23.243
73,10.846229091624195,47.14185480959684,434473.08700000134,311.33282152816224,352.2346020634167,117.38684950135627,939815.743,483190.365,980470.617,138.539,112.571,174.366
74,18.77657954715441,48.82629885880755,897571.0030000014,215.85580128723524,-69.89921541717831,247.84158545847262,661657.856,483588.382,669934.52,106.104,33.273,149.501
75,8.808826463612075,48.11020211611253,530571.325000003,194.5567357228663,-31.333191793863193,197.93079661294414,926359.074,316951.513,4078.526,98.602,119.164,107.209
76,11.392575466181897,47.16376712978382,923412.6400000006,247.09541679529934,-116.49857558116832,181.5084249654904,288214.663,23836.203,615070.481,88.122,32.572,65.867
77,8.778930753517733,51.19086022586896,88140.38700000153,171.10687400837705,-26.19433300005676,96.72489906458286,501753.845,976873.253,308755.272,44.976,95.336,134.877
78,16.595003136324358,52.088806160854276,503138.14200000244,323.6368522221843,-39.962762039511404,114.58391973409732,170895.443,239709.019,789487.492,164.928,121.882,59.713
79,15.375124068094873,54.17456379042556,495960.54400000157,209.2127350130278,-30.932030505097487,176.62868701244014,248445.865,629651.081,545712.393,141.873,175.027,114.061
80,8.593764000193493,51.43827397831158,255197.22200000254,297.0576160819604,-90.37372777355279,146.93612046991433,626404.736,984398.239,781199.836,112.615,14.611,48.855
81,15.796988164332001,46.498891302627094,386571.8020000032,297.46661451619264,-15.614585454805933,155.32924338527798,290184.911,137807.17,125113.904,142.09,36.933,102.689
82,11.603370655072089,54.65008242294666,977794.714000003,226.9204929627996,-124.08065062514851,69.76210144585693,167034.01,340606.322,570449.473,97.972,150.221,84.932
83,11.154312142590454,53.62862247551059,156931.45300000175,182.31985113669683,-68.5065755565135,214.06188175206643,623698.953,508301.361,20970.45,81.064,28.505,115.655
84,20.163360523426878,49.52321374584546,91118.77600000153,161.81122358745847,-20.570491314383332,194.66346288357346,533237.553,123553.006,555380.273,49.726,3.471,32.515
85,7.409872011991238,49.6534715265949,801413.4240000029,147.75338429551408,359.6292204880476,175.63450186636442,609856.158,852444.945,42187.834,9.167,173.566,37.61
86,17.19403696630893,53.53477480197953,172584.0990000041,195.58577317803181,340.3098530121787,71.44733429073874,623491.984,29769.8,341038.974,151.567,26.06,57.22
87,17.361753138053412,53.475168324172316,842465.3330000006,320.515092386899,-127.00516172407754,120.35497762113789,174259.113,772923.866,531418.906,100.361,158.807,20.15
88,13.424755131710311,48.86996807706385,899999.1820000027,315.39513003348355,348.68488821326105,200.82252385171842,14099.945,977788.833,696915.553,10.743,32.492,159.624
89,13.162314108982246,54.4226535304798,345271.2770000017,259.4863427030416,-120.54334140141145,310.4759894125336,654643.54,593970.799,867221.548,70.659,112.171,121.262
90,12.827715820572465,46.460401878912634,47980.79400000052,158.48193922105511,-93.49772817066014,134.2336152597297,589771.105,282965.956,808829.006,178.038,141.982,31.289
91,14.535416180469621,48.89413814191097,610180.8850000015,319.80982920913306,347.62079792090293,114.62106623527566,411385.161,150409.802,937548.918,69.237,151.63,175.278
92,7.652537821443861,51.093992624497375,930614.2710000016,233.99191671394624,348.2442931955157,142.10900310097117,683107.382,985769.353,825505.844,49.807,114.926,162.083
93,6.591012152129633,47.36280554960344,624516.818000003,309.55962521459253,-44.75538922904451,190.2299379508081,681237.463,558044.427,52682.382,77.903,179.231,22.781
94,8.161338942377697,53.625591353805724,890166.0900000032,267.58335818353453,-137.144392792257,253.19547565328696,909233.944,494888.69,594206.097,147.938,54.965,42.637
95,8.220233551648441,48.646673434175845,864341.8150000039,262.40777197052836,-94.09486842897411,178.80978469835972,512275.006,806024.654,856355.522,138.106,43.556,161.913
96,8.659713534714278,52.82823584622624,172220.05400000297,174.1317370140512,-12.997409590132008,154.38174351411442,589142.622,720044.075,780759.277,39.808,174.427,109.75
97,14.130764280409169,47.629896149153566,414135.80300000287,170.6846165212506,-33.64645794694451,153.17472576057773,949492.671,123306.479,411998.645,83.02,132.993,150.904
98,8.809778104520499,51.082441484027584,769996.7740000016,182.6415553047359,-116.91230834209682,110.59270100779047,624506.019,72659.332,185406.448,22.712,122.339,7.288
99,13.471713608402387,49.08761279550074,942654.8390000031,168.57912344818453,-69.85126133540933,214.15265192691243,732067.221,853786.46,589034.159,161.48,132.493,21.294
100,10.144395355460937,50.09412369102942,160604.4710000026,221.4002987012479,-122.13835527237381,95.72964832541564,855495.125,306565.674,449277.858,2.332,145.237,12.647
101,19.05989692745925,49.40417015495591,89206.70500000392,248.34516961616822,-96.18271413962646,181.16065015198336,383085.781,522728.344,495281.025,33.874,158.522,86.381
102,14.68006789892643,52.059698255916416,794741.1490000015,226.80956368081476,-16.617002319994924,312.9617016665144,65927.984,51630.847,759648.556,74.39,170.249,87.695
103,10.925300418616898,49.42429949852415,685937.9000000007,294.80964269678657,336.50615076020745,-34.59284421773117,744596.654,435955.357,101693.085,28.023,113.733,92.935
104,14.128660929105115,47.90509811011909,60054.39800000104,245.98516729653122,-122.29402790308677,-82.20798236229115,844050.934,964039.911,618784.742,164.728,2.446,77.658
105,7.7542903767599745,53.94221857746723,530397.949000002,257.3923794890997,339.81995009413384,342.0238465025852,468040.107,350086.781,908526.48,108.818,103.217,106.352
106,10.686844349356084,51.47363844194521,661246.7510000023,288.84811035884854,338.4802359427121,272.78408277851855,658087.153,470777.589,358932.441,103.956,106.148,48.485
107,9.678330869398573,53.5878471894383,552247.8300000029,298.596995461098,-133.9505879965556,355.07102784618905,161099.952,606897.549,127106.967,51.624,49.972,179.545
108,13.129466028723126,51.03107836758304,841341.0300000014,260.75310068781243,335.21293752262943,-79.92281282271733,124856.364,460910.422,521462.735,40.354,166.003,11.81
109,17.68047178400979,53.41589018977057,940446.2560000019,199.88810791928546,339.86181689454423,-2.303449923158155,593464.454,357070.232,279396.655,147.525,132.908,162.807
110,14.22182937225786,48.047940118184236,619833.7450000021,283.7152330448703,328.52302069592395,324.0728268643426,21886.796,851392.149,347846.977,47.547,108.775,99.789
111,13.58509395084789,49.22591706644843,787440.0340000009,276.28930659742184,-80.09006782437046,350.8828344356106,349574.105,291983.501,366696.679,12.795,137.817,50.289
112,14.563867164181532,48.82958012611524,967428.1300000021,287.2255993709933,-92.77725688677339,277.4658641977727,263536.537,258580.532,963009.913,55.369,171.974,104.221
113,11.429958322720523,47.4252742284385,126496.45200000294,190.3728262448246,346.19869392941484,-27.495156394883907,452352.522,688831.978,199044.184,60.408,74.696,102.425
114,14.883316944485106,48.894983811437776,906212.844000002,135.3057805044023,-12.234894500045755,303.7886532189547,722607.595,865845.561,266343.139,77.247,127.202,14.397
115,10.78188494577507,51.67470088313921,508296.3910000014,174.2449225205501,331.5369865351889,291.97366753435324,542672.473,696258.058,9183.568,62.683,163.312,129.674
116,18.910033310777514,47.49689256107103,607251.8690000017,200.20032575463526,-133.17474250657324,-4.773662047442372,767642.372,765349.223,224385.978,45.924,16.268,10.273
117,10.221688870077285,51.282522965622825,272741.54100000137,179.58400180645543,-43.82623171835883,332.3861315320306,271.113,556606.099,878710.409,87.452,109.909,86.189
118,16.619774683878052,54.64798579100012,185231.81700000324,219.91706062194487,-35.76326776217286,358.8761379947071,444814.428,996090.773,297614.414,0.983,145.613,40.536
119,19.56123479282953,47.640942916615415,353484.606000003,188.43632428357617,-16.750009422106984,315.4482084074092,292468.475,517656.777,257455.999,11.336,84.038,147.159
120,14.947273382969312,52.703233613712655,845775.7960000032,177.31317537687931,-33.805340949245874,-33.91314987377223,905263.634,765886.943,261846.749,154.496,100.469,0.659
121,14.577414990996944,51.33960131832974,808092.0990000023,294.3312341925316,-66.89437699282558,323.04815633656375,106742.141,15169.709,957306.933,82.371,29.946,23.144
122,7.332136413475633,49.97278416988785,490862.7690000016,173.03829157012945,-7.246413586172594,-62.90916227619459,278270.137,886195.252,283594.736,67.812,145.213,157.918
123,8.649450289052465,51.256256066272435,780888.4170000023,256.00136513595737,-67.48746071320187,-29.032169838178902,168283.995,349109.331,480531.301,52.124,167.875,147.758
124,13.780430753481053,53.037894053212085,330269.41000000254,156.37545842221306,-0.7666801695701793,332.5985893420811,937817.521,899073.745,732417.857,134.447,102.679,66.716
125,12.551320208526077,54.12034146756164,246621.15200000323,178.61378481787045,339.728301620586,342.7942563853412,616074.825,369583.651,592416.714,134.588,131.386,148.001
126,7.978110444001072,50.93323040021066,529855.8490000016,237.24566533705092,-12.434655311709434,310.5622001131779,292444.274,110912.54,107068.41,89.78,172.957,66.862
127,7.163772138600503,53.318300476002264,567575.4620000025,228.87894816477456,-47.450406408033416,-36.544273110135975,316990.89,665884.137,514690.526,72.661,91.694,125.824
128,12.908090691050612,46.96997407860021,950166.0520000007,264.88588326879267,-19.287597539584453,-16.226767343941503,391674.642,875703.089,941807.002,171.051,61.916,40.681
129,12.942690164230662,47.29102540565429,296542.2650000009,183.02094065155998,-47.190634132334765,-78.91477328004498,617303.932,27183.568,874229.356,31.099,142.323,3.491
130,6.956445638727213,47.816297761322424,124788.43700000297,243.0670429154235,327.0696995548977,-85.3017838056137,54104.803,339426.63,743368.209,142.106,132.314,80.241
131,10.833022391130564,49.919755538047994,784556.5770000016,193.28812898980794,343.7447544436831,-71.0287927099501,349150.545,173211.938,173055.113,96.711,19.701,106.819
132,18.87232950643321,46.50850637327846,767341.2790000018,132.56521506430795,-13.327809332300376,297.9798016143759,364499.99,151340.878,586139.46,44.264,2.871,27.547
133,9.30468416442381,53.983437904456096,229356.41900000107,148.5192878261416,-126.95385258751855,-11.805809943501629,581986.031,439228.065,106097.134,31.418,103.302,98.285
134,7.3703183463781885,49.99634279350531,715691.458000001,298.46034520927293,344.8588891797404,-78.92681587988125,809330.408,416157.866,365247.558,128.829,6.452,85.34
135,11.342549570393249,49.607573984412575,81064.96600000201,268.3194025924556,-114.2969257718874,-47.179821816300546,555005.831,983008.957,431540.205,161.321,148.791,170.79
136,19.17186786493887,46.43600344418458,655840.2610000027,132.99943769471915,-63.54814598730593,-44.30528055398395,182077.015,168397.31,253601.506,50.492,99.989,41.704
137,20.970138186803425,51.93707179082831,720353.3250000007,181.63759461989005,354.5650488520715,302.79484152185853,912136.375,276045.653,499292.766,110.432,47.084,72.825
138,19.254834491067168,52.325033883559534,371958.58800000226,277.06862520812933,-64.33726242510414,346.1563007695695,764313.918,824011.378,159220.678,3.949,136.822,59.754
139,11.82856072966342,54.800942847477394,691780.6780000018,142.1017557067629,-88.67515031490962,347.51585850788797,617171.044,793733.441,277937.999,54.711,91.671,102.424
140,14.707468740903348,53.37852874002389,106212.1110000018,204.94101024529965,329.73831220579245,282.33588494872714,606925.911,603779.814,727326.434,31.567,97.633,34.254
141,12.426399776650637,47.69291989827452,681024.6880000012,182.49608094199652,-26.443360430085477,-33.32689146117997,34467.592,296833.055,873151.46,10.184,177.406,139.856
142,15.691086009618752,48.53093159532372,501766.00800000154,218.41513463798418,339.92039425050325,-51.774897123468236,522218.125,920029.971,943711.074,171.363,88.703,77.592
143,19.48329781791752,51.528159464058234,307947.87200000224,128.13122071383643,354.86144913715367,-55.423906028935846,285168.826,832462.737,201209.455,130.916,156.864,120.063
144,13.508720638417996,47.65137254078157,723372.9100000015,136.78832073036793,-45.56051123606926,-31.765916804415838,264356.514,39932.418,144159.968,161.387,1.847,86.651
145,16.902612910907756,49.401063812866376,181188.57500000155,228.21230494422272,-88.64969652701461,355.3913709863677,989514.146,764251.743,779034.554,42.074,107.878,143.011
146,10.235687964678695,54.7856644993478,533310.230000002,247.8293682607316,-37.6167392090793,-0.15937695404994656,250499.385,143172.53,300720.517,37.753,19.159,169.105
147,16.74294317891878,52.42498095827777,127803.95500000179,185.88452013629325,-87.66663985373452,295.8449370614445,924419.953,726149.852,400559.109,35.449,4.169,50.86
148,19.890517951768512,50.1748227771295,103449.06900000175,306.1445826469023,-65.86867866515627,-70.07294379632418,49158.124,200594.707,395248.71,170.113,134.076,173.93
149,8.53430856367999,51.5960494411146,637359.449000002,203.88866134759598,-95.23772800947279,283.24995215291,937313.406,426410.738,685267.617,52.709,102.469,134.556
150,17.33735674787927,49.21638587846407,560298.4350000015,174.34668303742282,357.5689365856504,289.40041040205506,359417.871,736154.672,551574.005,54.774,76.378,106.769
151,9.577897809982781,53.320554900903765,527205.1530000018,138.47275148014415,-63.52398148793185,356.4544171681089,282418.323,604752.66,77957.952,43.075,4.425,36.668
152,18.384560290849386,50.92143813878857,975970.7280000024,210.98402808289558,-32.00973092075685,-74.24848856259257,836701.238,437699.007,407219.722,25.538,96.588,106.072
153,8.89032587068738,47.32828636950346,743684.9040000017,206.00490599282483,341.37608127504575,289.46143284637276,33128.612,792593.484,118688.65,144.026,174.16,111.126
154,8.048871662864409,49.922315823433216,98023.59200000268,272.6689619346022,-75.05811841487412,331.2714382647061,948151.79,587135.322,983360.211,60.311,77.089,177.915
155,10.063732638430029,52.68820832164624,598181.9560000018,301.75906706996614,-111.02818273236767,267.728449846156,831641.647,401152.546,170844.633,69.436,78.903,55.503
156,12.350114545552415,46.732628350909856,516535.7360000031,260.7761244501007,357.58821932202204,-63.69945578774832,97641.552,61562.995,689256.786,60.985,56.446,86.807
157,10.881482079740323,48.13071315887452,185671.4810000001,211.7322683583965,-147.57927432075758,42.78570112340657,493137.552,162839.269,839591.994,4.075,95.116,27.445
158,16.435529265550773,52.95729292250348,401879.35600000195,180.75051072666017,-52.54931980375079,223.72426895294768,281624.6,264651.473,997303.409,122.11,119.551,129.272
159,11.882237631510657,52.424319186040904,313933.09000000125,340.55716027859717,-121.19672196469355,216.91705855844893,994596.805,188493.057,2820.89,73.928,152.848,137.895
160,14.403670446814626,50.19018742936611,681856.383000002,290.5495346795419,-2.8701886261328013,139.43106239759774,514809.577,404553.388,328791.58,0.016,93.398,144.292
161,17.638617653719216,47.42919435059139,203910.9440000006,296.6673901068592,348.2883089163853,-108.69938098596242,412073.523,719701.029,15182.612,31.348,19.197,86.154
162,12.690065507460186,55.1847641810503,303871.178,142.38057753400005,-19.578642444926288,-22.815274774609804,338034.975,353833.226,875032.511,120.853,54.139,21.91
163,17.665154535615216,49.3523563241273,827775.1940000001,220.47939068528913,-133.18975186669832,-39.82391247691902,777386.393,533104.272,883505.25,13.092,77.786,17.249
164,14.45274840093597,46.38481683197517,331188.18400000135,232.14093452895375,-1.3921637666359175,-34.41863690768537,512839.571,294675.612,613011.356,158.735,66.36,42.177
165,8.90705340074121,49.76246675298229,360472.2200000007,281.97336387110875,-34.187262710460516,81.84407435832864,401555.949,950843.976,834702.218,151.232,150.289,138.101
166,17.71612963141549,49.348762281675555,608542.7600000007,162.14870206816087,-19.735130619877907,145.49189256760133,503518.208,630524.621,227300.229,42.291,147.447,68.148
167,8.481489418386696,54.874811023041765,862178.6180000006,311.41937194384855,-77.31967709301216,44.64904694885691,159094.97,909173.352,476521.522,161.499,82.324,135.036
168,14.054186218751312,47.770326404849854,790070.9290000009,331.6819744304213,-74.63159048681536,140.56382202491378,231216.394,53941.523,595188.513,60,61.074,117.508
169,19.669596054606696,50.09886883975889,657725.6800000003,272.8910889621426,-125.45714308936317,127.68200750582105,743392.185,192448.637,484251.099,145.48,134.923,6.059
170,17.683564225868015,51.97702530984332,197176.35300000064,183.13993722546292,-98.03394767070552,114.14674292545601,402636.52,111988.627,192852.952,50.322,121.791,156.783
171,8.47529259061587,53.020158972472025,936088.822000001,166.19142541906635,-71.80252224809931,230.5413870251161,830816.502,532935.788,51783.977,59.994,148.623,40.031
172,18.472032641794357,51.73193294491197,742230.8510000006,155.99398527307466,-52.47248618509775,154.31361521779027,558166.345,101766.728,393411.672,12.594,177.625,30.557
173,9.7661728378305,46.66932611315225,676537.4060000012,334.27758390819633,-27.8920848878397,169.4787438199357,50590.777,279194.544,422712.187,94.271,50.776,20.903
174,18.126869179781252,54.920803073326006,146285.98199999888,168.14989839107608,-144.35058934054928,86.90374139949269,828201.303,579294.695,205944.293,55.034,117.79,48.858
175,6.750854033718333,51.48729881484559,321279.9120000018,190.27578052752523,-48.998091005321726,62.5510942459634,348660.994,945326.458,101766.837,71.144,152.967,143.721
176,13.964257357871185,54.57746035176797,253777.4940000011,277.0050264591757,-122.12709969405591,94.00743972772952,374295.834,790076.91,822625.609,156.349,110.448,142.581
177,7.399057840318079,53.786564231638074,784400.5230000012,302.29772314061483,-100.18891669602351,122.7323866678792,903769.188,648735.731,301434.461,37.619,109.274,31.35
178,10.488733682749073,49.780710382634396,629850.0760000005,206.9528722503129,-70.98696379806563,156.65161920686302,182697.199,591821.987,752135.372,25.054,71.153,135.461
179,10.44434946995786,49.21065321036238,831552.9959999991,212.24242915160966,-146.06625471053462,65.08388779877335,296613.126,176819.869,811544.997,114.617,177.997,175.209
180,14.988672277516077,52.64974623824616,136395.9929999998,299.58729717073254,-111.75554221963728,114.61747750952938,722833.252,658464.972,820788.378,178.247,48.123,75.492
181,17.5563297873917,47.56468524141384,955641.2840000003,309.5338227361633,-64.88621545878743,72.9316151275795,119494.743,348157.38,481084.624,106.07,175.046,64.113
182,12.590405690662637,50.720468555134325,21216.255000000783,150.8114802108077,-67.82396162082432,135.39724282507362,640805.001,9655.224,275360.348,176.648,170.986,47.773
183,16.58023565326271,50.285004406809904,631718.9710000012,272.6722664258016,-58.137143962310745,-36.45440655344453,665082.609,43411.563,618150.038,44.584,162.675,51.767
184,15.359007608212918,51.29439953732405,656020.4810000013,175.35266036788403,-76.97196596372942,319.7088976167082,95786.424,882434.863,82735.904,97.623,42.052,94.84
185,12.66931392210857,48.27378777112395,910204.2780000012,188.42397977469153,333.79728898325334,-36.9701903409736,462776.399,882937.445,529634.503,102.078,42.3,117.329
186,9.285095464083556,46.60656817261054,552904.5710000009,163.88310956352421,-114.19470785940973,-18.356025307314667,269484.197,220897.551,625144.08,143.38,122.887,33.19
187,6.6725106043865,51.5804599041881,80360.78900000089,156.41097548353747,327.55059966555586,352.976384296679,103423.215,233982.858,549900.406,31.703,34.875,75.501
188,16.487217337362345,50.29021599454716,518537.51100000023,234.82932297793192,346.3026576265769,322.6452734905646,712391.694,167200.09,131920.05,32.45,172.886,125.525
189,14.199141691715937,48.18950960888224,494547.09300000087,263.6584235620329,-81.46184286959243,148.26514609610737,852387.094,69878.849,453819.066,60.669,145.765,68.547
190,12.591140029229289,51.679720353559205,516277.1950000019,273.998674133617,-61.120308008275,107.093824200581,336785.938,361264.704,775887.342,60.939,2.586,87.622
191,12.315637827918753,48.21936205549846,822909.1210000002,203.7518108881925,340.26951989046006,-16.97459440459255,995001.356,987776.574,560874.877,112.33,88.14,149.015
192,18.058133802066916,47.77032468500918,266400.26500000065,182.96495284989362,-71.15709032927225,-52.512299777115345,798705.565,844434.044,402966.081,117.166,6.667,102.137
193,17.422894638777983,51.79648462021087,467160.0450000013,219.42769009382823,-107.25903987583712,341.4102694511754,3852.234,744500.599,821571.039,26,120.213,103.66
194,20.530345043841503,52.714781211508644,45952.95400000063,178.37087454974287,-102.34480455218403,270.5400046189982,73733.081,231902.616,587270.583,46.203,20.949,19.118
195,7.749227299082559,47.85542223584403,763063.0750000014,251.65648240833778,-104.21065200721551,260.8074929907273,250650.329,680090.126,274747.125,121.488,98.407,79.106
196,10.871703216446331,48.33570651886227,125635.24100000171,181.93709545370743,-32.735289587359034,313.895020579612,741425.781,143092.175,950186.586,141.47,61.35,63.973
197,11.157876681876267,52.39176421566365,14600.531000000186,148.95619521490298,-131.98743136075484,-12.588044226751038,38924.147,198153.061,358503.267,65.593,103.769,28.403
198,7.5332353307551365,47.08151890375387,131783.28300000107,236.74287009031204,-29.794604284456796,279.7882021236126,61713.464,218191.485,144288.769,11.042,17.889,72.414
199,13.2686311832287,52.7955003583661,854068.2130000008,140.32317242869496,-30.001475359897313,-50.612882929534976,175145.587,671881.283,308715.806,105.579,31.671,31.65
200,10.217857298653335,51.00377201881736,836080.031000001,262.9943615388936,-125.88990048279459,-29.88493346225448,209192.874,904633.444,174289.244,50.278,99.443,43.978
201,11.694835649072505,49.009027186981406,43707.14400000086,186.8283011508111,-0.40720959194686657,-1.226703841827316,513982.463,503262.393,331038.231,136.718,117.136,43.438
202,20.18384905442822,54.32239961388948,547373.5640000011,217.25722520099103,-26.136434868266406,-92.99466666572096,819009.958,100352.091,617598.409,175.762,48.032,159.992
203,17.703987609358794,50.56741972885938,319431.68000000034,214.54481144407603,-26.939698323987443,-126.0578485762129,870861.481,568909.213,657138.625,95.195,106.724,12.976
204,15.959486019790836,51.43868005557637,523268.7590000012,197.52703906301525,-105.79176052525378,-130.7774822883208,206123.47,317159.602,501432.504,103.698,90.205,119.297
205,21.615625972570502,54.123456010713156,656788.9250000006,213.05425898738503,-81.8358209261848,-4.17261692051585,94578.401,579189.466,437357.021,118.702,85.48,77.746
206,11.440752453478515,51.788481014562116,272964.59499999956,282.0822807496806,-32.91342384679734,116.71921820496713,316193.99,272399.285,214783.057,154.593,125.361,37.468
207,13.313514877743334,49.03222575763941,751819.0350000003,300.84882203360496,357.4920197735622,240.48910264394812,610496.333,611871.306,721042.262,100.314,102.873,88.713
208,11.377736859423232,47.90568547780392,303735.9909999987,312.91080369914744,344.0922876291273,208.93518445749834,591654.357,934783.313,903140.371,14.436,172.939,120.967
209,19.910596104902744,51.44981867642015,277770.48399999965,243.5193997498624,-87.77411810488616,157.6881614443542,632370.103,244320.775,299265.935,137.262,78.909,159.079
210,13.40425472988347,50.01421054783136,850022.494,225.6031592562977,-98.21570683111759,207.2428146492772,268219.861,971209.321,115045.043,101.169,65.432,98.532
211,8.97329138167803,54.07855701072896,332904.9919999998,193.6064779142489,-136.57093085947275,236.1812727666299,934966.63,984139.331,429722.875,63.424,1.947,158.539
212,7.314624474117394,49.093450105432666,485662.98500000034,267.3464512947827,336.58947848773795,168.162452206487,368096.395,596104.644,730744.737,112.822,77.252,36.648
213,20.18991307759069,52.231243111195674,108938.66999999966,160.53699305500112,-119.21933356098236,94.02987493500463,975652.328,788664.663,86992.925,16.216,30.846,39.774
214,18.20925851707963,49.865409746962364,954330.953,256.69738671277594,-0.12798007028641223,172.93987875258756,623705.724,622104.596,711947.84,127.323,70.188,109.967
215,18.751272186568894,50.3510547322212,462758.0380000009,286.9833354621491,-89.35239670103044,136.00323995424765,366703.793,190650.826,268439.453,119.14,70.164,65.49
216,6.531123872475702,51.86476137608929,754179.0020000004,275.0665617651418,-68.10199972290252,63.727699080649835,86925.995,965199.83,113542.714,56.233,107.979,46.006
217,17.331729455118737,53.30079767379761,294068.6459999999,262.61086664675446,-16.38080417692845,146.70252933755336,477374.141,227185.453,305915.194,92.999,96.19,91.858
218,19.446635945414624,46.082141942942194,389451.16299999977,279.8596884935861,-116.99747189312194,236.87390074978228,700615.729,248550.584,389668.479,28.462,104.374,106.198
219,19.23779290077009,49.08622188627273,80989.76299999881,223.81956207718716,-139.98300405421537,90.02940659720946,679986.815,538404.494,964328.026,83.004,42.932,116.955
220,11.872158270023561,54.53645467712023,692085.1989999996,166.3068486879912,-13.6979770583456,189.88092350275147,465617.923,640428.788,686645.41,80.893,23.384,83.373
221,16.608816570507095,47.8381225343375,592092.0590000007,199.6977666734134,-59.96534870880441,357.2075955210135,418305.736,464508.816,999668.577,77.357,0.838,52.353
222,10.774324244677306,48.0414082327236,835723.4880000007,150.92317105406,-58.35999286224654,272.43500567786083,829250.723,216894.375,343757.191,94.879,17.188,163.958
223,7.46341526902144,54.270392773360385,993554.9390000013,268.27087849379654,-44.55441371554389,-12.261277675989959,317749.801,420909.437,224916.851,31.953,101.145,18.755
224,9.400221624889467,46.75300270349804,722322.5740000006,151.52279285041107,314.93364841467263,223.02886829846193,224052.39,648529.716,838939.132,8.998,42.131,168.248
225,15.387958971085443,53.06989941897069,432978.57999999943,149.55000968131299,357.6048486822279,319.0884490918554,494586.6,516989.915,49500.415,171.628,39.508,174.821
226,12.212667023711427,51.07949071818509,379806.2890000011,230.88066174986318,-42.581914604196356,101.17730914746915,784140.266,45441.354,732847.537,174.34,78.065,12.526
227,15.100688495494596,47.81131157056163,456462.05100000126,268.85008789331647,-148.37797414621969,-74.17697146946011,791946.305,241545.868,661414.978,72.275,81.625,85.811
228,11.419648553227269,47.91301872195169,877058.7310000012,306.6916868372615,-78.75118851121215,88.23188036858387,77320.674,528575.823,773848.614,13.258,171.327,24.318
229,16.87863470257583,53.75211585177899,164627.64300000027,334.89145089279066,-57.7685009966404,236.49245889212955,247724.356,503247.585,82167.514,178.096,28.28,112.64
230,12.434381462360777,48.71134785016342,575604.7399999998,207.14769342657442,-35.87726035720482,122.34006326961293,836447.858,179136.702,750557.382,111.224,43.256,171.432
231,19.839365155181437,52.23159983346554,85135.87500000108,331.847821860349,-91.01686935611644,89.6360344339212,2595.276,618813.363,396187.342,129.72,36.243,18.542
232,10.655318513497223,50.25413396115745,231163.238,205.34771885716023,320.3811331603394,177.34903667375545,538275.54,797002.893,227612.248,86.23,90.597,46.506
233,12.560368220846657,53.74083203904844,778688.3830000004,211.5617315304637,-116.50584687394485,342.698446956615,742177.498,777207.897,533123.887,38.37,127.34,7.115
234,11.787076121708143,53.901771327645186,5886.494999999925,305.829003511317,-56.17057821011076,286.8689484979507,407769.819,387347.599,151099.858,96.358,23.093,50.339
235,10.153791519837968,49.46427349711679,622632.9349999994,242.8977115290753,346.0087119774331,312.7778720920936,625589.082,275706.365,796874.901,13.763,24.146,104.412
236,8.481871790863181,51.37486766268266,911711.7840000001,161.0005187136358,-4.124082364530523,246.39807687215753,14621.566,744660.713,512597.671,41.23,136.339,53.262
237,9.054002938720902,54.66855934801101,913831.2199999996,272.78361162187235,-76.90547557060313,357.9071098440783,811559.273,876690.834,542843.205,101.834,75.319,135.07
238,16.655697591063568,47.05615430587694,783825.1190000004,270.25470027856517,-49.82884649435482,325.57114141821256,568506.865,894873.835,144546.483,70.694,152.407,106.091
239,19.503484588300946,48.447162363911275,750294.3859999998,156.09198258962556,-41.1361360086168,352.07407381659726,872703.495,527638.96,28007.606,130.292,112.772,138.472
240,12.651755932841665,52.9941061787084,289444.76400000125,263.4806964320165,-120.66589420646466,354.4070481189074,952030.818,781949.556,226185.431,89.737,163.335,166.61
241,15.730358416165858,48.977793171739535,161514.17899999922,242.84540764555737,-163.85785551898505,359.8447897780885,84590.774,717139.776,968210.746,129.24,80.002,1.408
242,12.85021529592637,47.755042103847735,247557.5530000011,265.9215249427947,-82.44984370698586,-71.90222110759305,803325.531,492199.203,392008.664,88.132,8.918,124.692
243,16.98778117754517,50.00680553165504,661484.8250000005,243.1013117845433,-54.14834466750227,355.91415295428175,175466.404,63850.557,136319.252,21.181,130.624,113.631
244,21.06083514225323,53.3785303116207,3882.5819999999253,178.7002025139152,-89.02719473164501,-92.70190349430749,599312.719,648872.212,595265.028,111.478,174.773,169.441
245,7.029775347942997,47.54917084123484,936388.9700000013,274.18741500450227,-77.16792630070171,327.40868246600945,806588.702,336311.384,385427.445,158.232,83.864,104.801
246,13.0639724718514,51.46399661053282,124606.08699999895,157.62332740589312,-149.02245354548575,-60.783943388728744,460868.035,809059.647,865484.155,34.592,176.167,14.767
247,18.542442954047477,51.946632505712515,68574.1070000002,216.5892301561359,-12.456819835305453,-135.02222911443238,962386.375,827801.431,858650.538,61.125,74.642,95.472
248,13.263054370092867,53.81900660224581,492474.2650000012,305.0777780322867,-6.986148109221347,-116.32395030857742,939023.055,160471.544,45243.538,73.469,166.846,136.655
249,17.740941356697455,54.41221089457967,993970.6500000013,242.39008520164913,-154.03183533229685,-102.91473744528929,443315.786,808416.148,50193.169,107.387,173.078,113.424
250,15.177930590791497,47.007037602079,925248.5740000006,251.411347655209,-120.80134749340374,-5.993800352962012,907494.828,265575.236,522996.475,0.316,102.126,128.598
251,12.82615418697472,52.45675208818912,871042.5330000008,177.3465466012168,-56.694377027621215,-57.7852384532888,760352.631,246661.187,634582.18,76.085,49.774,95.313
252,14.951533209304586,53.81896242541628,997044.7089999994,121.03142371854439,329.31064049555846,325.08908219510874,942679.74,618390.116,282675.1,165.675,78.178,118.747
253,16.061614092579035,54.42093926302905,626786.3520000003,132.78264439774753,-60.71339580006145,290.6332562717862,364011.767,945768.376,529085.181,60.236,66.211,49.94
254,21.24959482943758,53.06725179479516,159081.2859999989,185.5634269786333,354.749104287466,262.2598093180497,447858.64,160165.863,907670.397,38.944,62.423,113.759
255,18.918953636218166,50.30372486313148,837935.3980000002,-1.258321574800732,-120.61852494038942,124.73659928382654,805560.033,47470.371,834529.784,169.573,70.557,20.955
256,16.196373936737654,52.10006246382168,21815.4269999997,263.603666764177,-72.67465984809763,117.99735223049349,724151.32,811230.126,344723.465,138.112,137.991,96.326
257,8.61948596694476,49.34980541849429,223794.42900000038,204.74751042506261,-123.85308101242924,96.11597816773282,223707.879,858323.468,842523.809,53.578,131.583,27.207
258,11.825288120097325,51.811697755309986,912917.9420000005,222.65810737049043,-67.12213583689987,125.05595093021319,121790.449,932079.566,461252.552,48.896,96.544,91.612
259,6.866217686547756,55.17972342925092,286710.4190000013,280.98382062543806,343.2144140174343,119.78941655598355,160936.296,856335.726,434539.628,55.355,109.091,3.134
260,16.858684266451686,53.18323712036921,194181.69200000196,256.58880145837645,327.3637432948815,274.28042851783897,279725.825,351949.923,222362.079,43.105,152.765,172.238
261,9.733064273347443,47.84907767033617,369609.4419999994,317.6197649915831,344.2319318189964,276.3079471047278,548265.35,695734.776,214371.551,169.679,40.844,137.252
262,14.478441557371909,53.12085078264856,643036.9560000001,216.6866859991237,-72.71879299718682,292.4216522685664,759581.84,291985.207,395380.322,28.274,10.648,41.781
263,9.155083651030525,53.384935226089695,385803.69500000076,328.78015037146804,-5.092505253852664,277.99312835330124,798650.538,919584.162,451003.415,2.59,160.615,167.439
264,8.317025345029826,49.41630142640739,344713.92900000105,220.28484036705487,341.94654489618847,275.59797083785674,51748.592,738585.155,400697.898,95.322,83.935,32.764
265,9.8894555806643,47.878098426363145,231914.31800000055,251.69673137070862,331.91033229640243,180.78358003548198,462714.6,844284.328,886694.448,121.245,154.565,8.318
266,16.55641902460571,51.811659008806245,58526.52300000048,219.6311022839544,-95.26732160063136,246.1986639469385,483914.315,147884.287,491211.76,143.288,19.916,109.319
267,11.935448925538633,52.773907783163246,313270.516,282.07370379643845,305.70342023208053,230.7772745345365,15334.896,733609.685,777969.391,59.678,54.077,56.305
268,11.131195035758418,55.05697317463178,692236.9639999997,316.5242378531972,302.05787158723456,260.4679925102415,91773.521,437578.599,383508.465,112.819,24.265,121.1
269,11.536533185488022,50.9457184389953,134880.79600000076,234.1695677043325,-10.915085864950413,294.7793506179501,599939.595,184769.64,423352.299,50.776,12.925,154.832
270,21.16467299683313,53.080965107318754,12591.035000001788,170.42076482102829,-94.87811762337486,186.96610473066698,723748.443,40074.58,533480.066,35.905,92.643,42.987
271,17.981150435676582,51.74324828722378,478987.15199999954,322.5339338857226,-98.34402114563648,252.50658529968783,722253.103,907896.741,20514.544,141.83,171.963,89.321
272,8.079586925347243,47.52844827463597,880610.593000002,170.83071325943453,348.6149558277188,89.80487310916453,518773.79,31084.482,436890.77,148.172,28.782,92.41
273,14.949591206516056,54.135995759441414,884330.3239999996,256.4861304550881,-20.516714531352363,155.98343632896,99046.901,681279.324,261588.065,91.91,147.174,160.323
274,16.028275821805476,48.33357505041488,819727.5740000008,294.19924323711524,-39.924196403866006,77.42528266060003,443881.989,324584.62,293712.114,75.512,126.378,31.417
275,13.716881720746423,47.69632973873742,2022.2280000007079,262.947939097876,-1.1202754930909578,118.02419483237236,987872.347,170532.068,132480.031,106.54,154.646,113.971
276,17.917856433933423,54.90475731412561,82918.52400000127,194.10695333760214,355.5520027571209,42.062173282796984,729093.632,876666.358,131465.757,98.097,96.46,130.231
277,20.53523024767224,54.38346958823722,977687.4070000015,260.3198733741784,-107.98895807898668,108.35281670189542,548807.765,812108.828,113058.779,32.201,133.701,172.464
278,11.295111899964983,52.23611794704998,273468.0160000006,293.43635363176986,-8.937388841395034,171.1964323814655,493425.011,994166.582,957741.805,137.971,121.673,148.837
279,9.773927855175556,46.9635207172186,95656.28500000108,206.53929717528865,-53.655208941473916,67.46934266543687,279931.357,806321.482,845141.558,52.949,1.677,113.23
280,14.565106204961044,50.94038030566223,962892.2640000018,321.9714867468247,-14.488868118348478,118.012615944885,468903.215,856340.467,514227.72,112.552,32.3,178.751
281,11.063528312958507,48.47084090572984,202472.74799999988,251.66073956463643,-107.81870424163242,175.78034654446992,97878.827,49450.319,111516.195,45.486,35.11,65.564
282,19.000825575514348,50.76997306900739,307772.8480000012,212.46839214310506,345.99581054869117,-95.53391177182215,508442.918,400124.094,885650.71,23.664,110.418,173.77
283,9.88208621827522,49.007922778326865,529739.9320000007,321.7535612809942,342.1671092370902,-5.689153432371029,545330.688,372875.663,921278.554,167.157,144.327,19.883
284,13.578317406835406,47.19536923125259,514008.302,251.3526907245473,357.6658512162578,-132.9449623691297,103350.245,7567.316,183885.007,99.959,61.583,35.108
285,8.602083508690127,50.32395299257868,380736.7250000001,288.01040969102525,-125.59667124905872,235.46256628909435,608639.529,404568.244,578484.065,104.703,63.194,103.577
286,10.054134486685692,53.887832802108775,115290.14100000082,222.28356222535572,-10.441865853417369,140.4928106190295,662353.76,179635.484,133584.981,29.299,134.398,6.048
287,17.3032049631809,51.34933195597951,796743.6430000012,223.0557363323037,-80.2435733338034,240.44959755273132,48848.679,999761.023,983507.297,145.283,62.757,135.414
288,17.863151569874955,47.378804944055744,703513.9960000005,237.51066527244467,329.3806038031233,358.84218435889665,733832.204,517854.726,584375.134,106.718,88.001,154.941
289,8.360402864967336,49.15030882731768,88583.19800000127,224.79855628982347,353.41940629277696,306.0027462392897,186885.875,990905.682,151791,27.241,111.251,141.939
290,8.394532694889975,55.37620971106278,350336.28700000007,298.6866021065482,349.8315870951706,329.64654393111414,776830.794,195150.054,886960.113,24.949,110.474,34.953
291,15.159805334288203,48.02133370619402,682897.0280000007,272.27918736568665,-62.1270910772397,321.43770145492795,62670.412,301615.104,245056.62,119.992,158.399,10.475
292,8.822782648024985,53.793688578429624,213201.87399999963,224.4053574280111,351.4254019567599,349.3943999529739,402236.396,387102.577,33013.055,153.075,173.567,53.027
293,10.10970435045732,47.99532148060352,639480.9799999988,282.9688190749842,-15.502265600191208,-45.184101427976884,118953.39,249635.276,620092.151,159.98,114.76,72.474
294,7.7287398774169445,54.60292557902657,881234.713000002,149.28921115775154,-13.997889874827194,-84.44855346276756,695706.517,739428.333,571982.98,57.229,104.266,101.232
295,9.634556277882934,53.161213437912174,388975.9899999991,248.03378729054006,-157.76950658678902,-141.37140559616807,509446.264,263351.493,148553.569,133.17,67.659,86.992
296,15.406062269053738,53.53133955165009,611536.7889999987,166.66826061698293,-141.39243422307118,-91.75055980073364,380901.604,813252.902,341524.538,0.523,154.438,38.079
297,14.564464742783441,51.04802957364626,344270.1150000018,171.89926282924577,-29.70831893731753,-112.50668649049504,844572.453,729205.642,759229.046,65.261,108.862,125.51
298,7.710445336019513,51.79312475562924,106543.5030000006,262.59232520365094,-13.835799078452169,-74.05242566432707,392186.729,482361.363,47428.041,22.157,160.93,64.258
299,18.346915624324435,46.58216536684533,825578.1760000011,221.7860405112707,-24.897705185731184,343.2219850444407,801667.062,618303.337,824176.405,167.91,16.793,179.473
